name;poducer;price.99
Antybiotyk;Pfizer;120.99
Szampon medyczny;Vetoquinol;35.99
Kocia karma dietetyczna;Hill's;50.99
Karma dla psów z alergią;Royal Canin;70.99
Probiotyk dla koni;Equine America;100.99
Lek przeciwbólowy dla psów;Boehringer Ingelheim;80.99
Środek przeciwkleszczowy dla kotów;Bayer;40.99
Lek przeciwpasożytniczy dla ryb;Sera;25.99
Szczotka do zębów dla psów;Virbac;20.99
Karma dla psów z wrażliwym żołądkiem;Purina;45.99
Przeciwbólowy krem dla koni;Horseware;65.99
Masażer do mięśni dla psów;PetSafe;50.99
Karma dla kotów z chorobami nerek;Iams;60.99
Specjalistyczne krople do oczu dla psów;Alcon;30.99
Syrop przeciwkaszlowy dla koni;Bimeda;90.99
Lek przeciwpasożytniczy dla ptaków;Versele-Laga;35.99
Karma dla szczeniąt z wrażliwym żołądkiem;Hill's;55.99
Odżywka do sierści dla kotów;Furminator;25.99
Specjalistyczna karma dla psów z nadwagą;Eukanuba;50.99
Lek przeciwpasożytniczy dla królików;Bayer;30.99
Pasta do zębów dla psów;Ceva;20.99
Karma dla kotów z problemami trawiennymi;Royal Canin;60.99
Środek przeciwpasożytniczy dla ryb akwariowych;JBL;20.99
Kojący krem dla skóry psów;Bioderma;35.99
Specjalistyczna karma dla psów z alergią;Hill's;70.99
Lek przeciwbólowy dla kotów;Boehringer Ingelheim;65.99
Karma dla kóz z chorobą wieńcową;Capricare;80.99
Środek przeciwkleszczowy dla psów;Seresto;45.99
Specjalistyczne krople do uszu dla kotów;Virbac;30.99
Odżywka dla stawów psów;Flexadin;50.99
Karma dla psów z chorobą wątroby;Royal Canin;60.99
Specjalistyczna karma dla kotów z nadwagą;Iams;55.99
Szampon dla psów z problemami skórnymi;Sogeval;30.99
Lek przeciwpasożytniczy dla koni;Equimax;100.99
Karma dla ryb akwariowych;Tetra;15.99
Lek przeciwbólowy dla koni;Norbrook;90.99
Karma dla psów z chorobą trzustki;Purina;50.99
Środek przeciwpasożytniczy dla psów;Drontal;25.99
Specjalistyczna karma dla psów z cukrzycą;Hill's;60.99
Żel do czyszczenia uszu dla psów;Dechra;20.99
Lek na biegunkę dla kotów;Vetoquinol;40.99
Karma dla psów z chorobami serca;Royal Canin;65.99
Specjalistyczna karma dla psów z problemami trzustki;Eukanuba;50.99
Szampon dla psów z zapaleniem skóry;Dermoscent;35.99
Lek przeciwpasożytniczy dla krów;Bimeda;75.99
Karma dla psów z chorobą nerek;Royal Canin;70.99
Specjalistyczna karma dla kotów z chorobą nerek;Hill's;55.99
Środek przeciwpasożytniczy dla koni;Zoetis;80.99
Karma dla psów z chorobą jelit;Purina;60.99
Krem ochronny dla psów przed odparzeniami;Vetramil;25.99
Lek przeciwbólowy dla ryb;Tetra;20.99
Karma dla kotów z problemami nerek;Royal Canin;60.99
Specjalistyczne krople do oczu dla kotów z zapaleniem rogówki;Optimmune;40.99
Lek przeciwpasożytniczy dla gołębi;Bayer;30.99
Karma dla psów z problemami stawów;Hill's;65.99
Środek przeciwpasożytniczy dla psów i kotów;Milbemax;35.99
Specjalistyczna karma dla psów z problemami nerek;Eukanuba;55.99
Szampon dla psów z łuszczycą;Keratolin;30.99
Lek przeciwpasożytniczy dla kóz;Ovibend;40.99
Karma dla psów z alergią na zboża;Acana;75.99
Specjalistyczna karma dla kotów z chorobami wątroby;Hill's;65.99
Odżywka do sierści dla psów i kotów;Beaphar;20.99
Lek przeciwbólowy dla psów i kotów;Vetpharm;45.99
Karma dla psów z nadwagą;Acana;65.99
Środek przeciwpasożytniczy dla królików;Bimeda;30.99
Specjalistyczna karma dla psów z cukrzycą;Royal Canin;70.99
Pasta do zębów dla kotów;Virbac;20.99
Lek na pasożyty zewnętrzne dla psów;Frontline;50.99
Karma dla psów z chorobami wątroby;Eukanuba;60.99
Specjalistyczna karma dla psów z alergią na zboża;Hill's;60.99
Szampon dla kotów z łupieżem;Sebolitic;35.99
Lek przeciwbólowy dla koni;Boehringer Ingelheim;80.99
Karma dla psów z chorobą trzustki;Royal Canin;55.99
Specjalistyczna karma dla kotów z alergią na pokarm;Hill's;65.99
Karmnik automatyczny dla psów i kotów;SureFeed;80.99
Lek na biegunkę dla psów;Bayer;30.99
Karma dla psów z problemami nerek;Purina;55.99
Specjalistyczna karma dla psów z problemami skórnymi;Hill's;70.99
Kostka do żucia dla psów z chorobą zębów;Virbac;25.99
Lek przeciwpasożytniczy dla ptaków;Versele-Laga;40.99
Karma dla psów z chorobami wątroby;Royal Canin;65.99
Specjalistyczna karma dla psów z problemami trawienia;Eukanuba;50.99
Płyn do czyszczenia oczu dla psów i kotów;Dermoscent;25.99
Lek na biegunkę dla kóz;Bimeda;35.99
Karma dla psów z alergią na mięso;Acana;75.99
Specjalistyczna karma dla kotów z problemami trawienia;Hill's;55.99
Kojący szampon dla psów i kotów z podrażnioną skórą;Dermoscent;35.99
Lek przeciwpasożytniczy dla ryb;JBL;20.99
Karma dla psów z chorobami skóry;Purina;60.99
Specjalistyczna karma dla psów z problemami stawów;Eukanuba;65.99
Krem do opatrywania ran u zwierząt;Vetramil;30.99
Lek przeciwbólowy dla psów z chorobami stawów;Merial;50.99
Karma dla psów z chorobami wątroby;Hill's;60.99
Specjalistyczna karma dla psów z nadwagą;Royal Canin;70.99
Szampon dla psów z egzemą;Allermyl;35.99
Lek przeciwpasożytniczy dla koni;Merial;75.99
Karma dla psów z alergią na ryby;Acana;80.99
Specjalistyczna karma dla kotów z problemami nerek;Royal Canin;60.99
Kojący żel do łap dla psów;Dechra;25.99
Lek na problemy z pęcherzem u psów;Elanco;40.99